image_urls, collection, material, size
https://d16n7e76tyykgs.cloudfront.net/fit-in/300x400/prod-images/Headshot/Large/RCT_PAE-3507-0001.jpg, PROVENANCE, Hand Knotted- Wool, 150x240 cm
https://d16n7e76tyykgs.cloudfront.net/fit-in/300x400/prod-images/Headshot/Large/RCT_PAE-3860-0001.jpg, PROVENANCE, Hand Knotted- Wool, 170x240 cm
https://d16n7e76tyykgs.cloudfront.net/fit-in/300x400/prod-images/Headshot/Large/RCT_PWB-1015-0001.jpg, PROVENANCE, Hand Knotted- Wool And Bamboo Silk, 180x210 cm
https://d16n7e76tyykgs.cloudfront.net/fit-in/300x400/prod-images/Headshot/Large/RCT_PAE-3761-0001.jpg, PROVENANCE, Hand Knotted- Wool, 195x300 cm
https://d16n7e76tyykgs.cloudfront.net/fit-in/300x400/prod-images/Headshot/Large/RCT_PAE-3807-0001.jpg, PROVENANCE, Hand Knotted- Wool, 180x270 cm
https://d16n7e76tyykgs.cloudfront.net/fit-in/300x400/prod-images/Headshot/Large/RCT_PAE-3652-0001.jpg, PROVENANCE, Hand Knotted- Wool, 180x240 cm
https://d16n7e76tyykgs.cloudfront.net/fit-in/300x400/prod-images/Headshot/Large/RCT_PAE-3727-0001.jpg, PROVENANCE, Hand Knotted- Wool, 150x225 cm
https://d16n7e76tyykgs.cloudfront.net/fit-in/300x400/prod-images/Headshot/Large/RCT_PAE-3746-0001.jpg, PROVENANCE, Hand Knotted- Wool, 170x240 cm
https://d16n7e76tyykgs.cloudfront.net/fit-in/300x400/prod-images/Headshot/Large/RCT_PAE-3828-0001.jpg, PROVENANCE, Hand Knotted- Wool, 170x240 cm
https://d16n7e76tyykgs.cloudfront.net/fit-in/300x400/prod-images/Headshot/Large/RCT_PAE-3506-0001.jpg, PROVENANCE, Hand Knotted- Wool, 150x240 cm
https://d16n7e76tyykgs.cloudfront.net/fit-in/300x400/prod-images/Headshot/Large/RCT_PAE-3441-0001.jpg, PROVENANCE, Hand Knotted- Wool, 170x240 cm
https://d16n7e76tyykgs.cloudfront.net/fit-in/300x400/prod-images/Headshot/Large/RCT_PAE-3575-0001.jpg, PROVENANCE, Hand Knotted- Wool, 150x240 cm
https://d16n7e76tyykgs.cloudfront.net/fit-in/300x400/prod-images/Headshot/Large/RCT_PAE-3940-0001.jpg, PROVENANCE, Hand Knotted- Wool, 135x195 cm
https://d16n7e76tyykgs.cloudfront.net/fit-in/300x400/prod-images/Headshot/Large/RCT_PAE-3625-0001.jpg, PROVENANCE, Hand Knotted- Wool, 170x240 cm
https://d16n7e76tyykgs.cloudfront.net/fit-in/300x400/prod-images/Headshot/Large/RCT_PAE-3808-0001.jpg, PROVENANCE, Hand Knotted- Wool, 170x240 cm
https://d16n7e76tyykgs.cloudfront.net/fit-in/300x400/prod-images/Headshot/Large/RCT_PAE-3884-0001.jpg, PROVENANCE, Hand Knotted- Wool, 170x240 cm
https://d16n7e76tyykgs.cloudfront.net/fit-in/300x400/prod-images/Headshot/Large/RCT_PAE-3664-0001.jpg, PROVENANCE, Hand Knotted- Wool, 170x240 cm
https://d16n7e76tyykgs.cloudfront.net/fit-in/300x400/prod-images/Headshot/Large/RCT_PAE-3657-0001.jpg, PROVENANCE, Hand Knotted- Wool, 180x270 cm
https://d16n7e76tyykgs.cloudfront.net/fit-in/300x400/prod-images/Headshot/Large/RCT_PAE-3792-0001.jpg, PROVENANCE, Hand Knotted- Wool, 165x195 cm
https://d16n7e76tyykgs.cloudfront.net/fit-in/300x400/prod-images/Headshot/Large/RCT_PAE-3518-0001.jpg, PROVENANCE, Hand Knotted- Wool, 150x225 cm
https://d16n7e76tyykgs.cloudfront.net/fit-in/300x400/prod-images/Headshot/Large/RCT_PAE-3679-0001.jpg, PROVENANCE, Hand Knotted- Wool, 165x225 cm
https://d16n7e76tyykgs.cloudfront.net/fit-in/300x400/prod-images/Headshot/Large/RCT_PAE-3553-0001.jpg, PROVENANCE, Hand Knotted- Wool, 170x240 cm
https://d16n7e76tyykgs.cloudfront.net/fit-in/300x400/prod-images/Headshot/Large/RCT_PAE-3818-0001.jpg, PROVENANCE, Hand Knotted- Wool, 170x240 cm
https://d16n7e76tyykgs.cloudfront.net/fit-in/300x400/prod-images/Headshot/Large/RCT_PAE-3598-0001.jpg, PROVENANCE, Hand Knotted- Wool, 170x240 cm
https://d16n7e76tyykgs.cloudfront.net/fit-in/300x400/prod-images/Headshot/Large/RCT_PAE-3558-0001.jpg, PROVENANCE, Hand Knotted- Wool, 180x255 cm
https://d16n7e76tyykgs.cloudfront.net/fit-in/300x400/prod-images/Headshot/Large/RCT_PAE-3545-0001.jpg, PROVENANCE, Hand Knotted- Wool, 165x225 cm
https://d16n7e76tyykgs.cloudfront.net/fit-in/300x400/prod-images/Headshot/Large/RCT_PAE-3399-0001.jpg, PROVENANCE, Hand Knotted- Wool, 150x240 cm
https://d16n7e76tyykgs.cloudfront.net/fit-in/300x400/prod-images/Headshot/Large/RCT_PAE-3592-0001.jpg, PROVENANCE, Hand Knotted- Wool, 170x240 cm
https://d16n7e76tyykgs.cloudfront.net/fit-in/300x400/prod-images/Headshot/Large/IR_PWB-1029-0001.jpg, PROVENANCE, Hand Knotted- Wool And Bamboo Silk, 150x240 cm
https://d16n7e76tyykgs.cloudfront.net/fit-in/300x400/prod-images/Headshot/Large/RCT_PAE-3493-0001.jpg, PROVENANCE, Hand Knotted- Wool, 165x225 cm
https://d16n7e76tyykgs.cloudfront.net/fit-in/300x400/prod-images/Headshot/Large/RCT_PAE-3587-0001.jpg, PROVENANCE, Hand Knotted- Wool, 165x225 cm
https://d16n7e76tyykgs.cloudfront.net/fit-in/300x400/prod-images/Headshot/Large/RCT_PAE-3823-0001.jpg, PROVENANCE, Hand Knotted- Wool, 165x210 cm
https://d16n7e76tyykgs.cloudfront.net/fit-in/300x400/prod-images/Headshot/Large/RCT_PAE-3645-0001.jpg, PROVENANCE, Hand Knotted- Wool, 170x240 cm
https://d16n7e76tyykgs.cloudfront.net/fit-in/300x400/prod-images/Headshot/Large/RCT_PAE-3607-0001.jpg, PROVENANCE, Hand Knotted- Wool, 170x240 cm
https://d16n7e76tyykgs.cloudfront.net/fit-in/300x400/prod-images/Headshot/Large/RCT_PAE-3570-0001.jpg, PROVENANCE, Hand Knotted- Wool, 180x240 cm
https://d16n7e76tyykgs.cloudfront.net/fit-in/300x400/prod-images/Headshot/Large/RCT_PAE-3471-0001.jpg, PROVENANCE, Hand Knotted- Wool, 180x240 cm
https://d16n7e76tyykgs.cloudfront.net/fit-in/300x400/prod-images/Headshot/Large/RCT_PAE-3690-0001.jpg, PROVENANCE, Hand Knotted- Wool, 135x195 cm
https://d16n7e76tyykgs.cloudfront.net/fit-in/300x400/prod-images/Headshot/Large/RCT_PAE-3915-0001.jpg, PROVENANCE, Hand Knotted- Wool, 135x195 cm
https://d16n7e76tyykgs.cloudfront.net/fit-in/300x400/prod-images/Headshot/Large/RCT_PAE-3941-0001.jpg, PROVENANCE, Hand Knotted- Wool, 150x180 cm
https://d16n7e76tyykgs.cloudfront.net/fit-in/300x400/prod-images/Headshot/Large/RCT_PAE-3591-0001.jpg, PROVENANCE, Hand Knotted- Wool, 165x225 cm
https://d16n7e76tyykgs.cloudfront.net/fit-in/300x400/prod-images/Headshot/Large/RCT_PAE-3616-0001.jpg, PROVENANCE, Hand Knotted- Wool, 170x240 cm
https://d16n7e76tyykgs.cloudfront.net/fit-in/300x400/prod-images/Headshot/Large/RCT_PAE-3377-0001.jpg, PROVENANCE, Hand Knotted- Wool, 240x300 cm
https://d16n7e76tyykgs.cloudfront.net/fit-in/300x400/prod-images/Headshot/Large/RCT_PSK-952-0007.jpg, LACUNA, Hand Knotted- Wool And Silk, 240x300 cm
https://d16n7e76tyykgs.cloudfront.net/fit-in/300x400/prod-images/Headshot/Large/RCT_PAE-3447-0001.jpg, PROVENANCE, Hand Knotted- Wool, 165x225 cm
https://d16n7e76tyykgs.cloudfront.net/fit-in/300x400/prod-images/Headshot/Large/RCT_PAE-3910-0001.jpg, PROVENANCE, Hand Knotted- Wool, 170x240 cm
https://d16n7e76tyykgs.cloudfront.net/fit-in/300x400/prod-images/Headshot/Large/RCT_PAE-3853-0001.jpg, PROVENANCE, Hand Knotted- Wool, 170x240 cm
https://d16n7e76tyykgs.cloudfront.net/fit-in/300x400/prod-images/Headshot/Large/RCT_PAE-3831-0001.jpg, PROVENANCE, Hand Knotted- Wool, 165x225 cm
https://d16n7e76tyykgs.cloudfront.net/fit-in/300x400/prod-images/Headshot/Large/RCT_PAE-3836-0001.jpg, PROVENANCE, Hand Knotted- Wool, 170x240 cm
https://d16n7e76tyykgs.cloudfront.net/fit-in/300x400/prod-images/Headshot/Large/RCT_PAE-3688-0001.jpg, PROVENANCE, Hand Knotted- Wool, 170x240 cm
https://d16n7e76tyykgs.cloudfront.net/fit-in/300x400/prod-images/Headshot/Large/RCT_PAE-3508-0001.jpg, PROVENANCE, Hand Knotted- Wool, 170x240 cm
https://d16n7e76tyykgs.cloudfront.net/fit-in/300x400/prod-images/Headshot/Large/RCT_PAE-3916-0001.jpg, PROVENANCE, Hand Knotted- Wool, 150x225 cm
https://d16n7e76tyykgs.cloudfront.net/fit-in/300x400/prod-images/Headshot/Large/RCT_PAE-3451-0001.jpg, PROVENANCE, Hand Knotted- Wool, 170x240 cm
https://d16n7e76tyykgs.cloudfront.net/fit-in/300x400/prod-images/Headshot/Large/RCT_PAE-3599-0001.jpg, PROVENANCE, Hand Knotted- Wool, 170x240 cm
https://d16n7e76tyykgs.cloudfront.net/fit-in/300x400/prod-images/Headshot/Large/RCT_PAE-3642-0001.jpg, PROVENANCE, Hand Knotted- Wool, 170x240 cm
https://d16n7e76tyykgs.cloudfront.net/fit-in/300x400/prod-images/Headshot/Large/RCT_PAE-3582-0001.jpg, PROVENANCE, Hand Knotted- Wool, 165x225 cm
https://d16n7e76tyykgs.cloudfront.net/fit-in/300x400/prod-images/Headshot/Large/RCT_PAE-3433-0001.jpg, PROVENANCE, Hand Knotted- Wool, 150x210 cm
https://d16n7e76tyykgs.cloudfront.net/fit-in/300x400/prod-images/Headshot/Large/RCT_PAE-3732-0001.jpg, PROVENANCE, Hand Knotted- Wool, 170x240 cm
https://d16n7e76tyykgs.cloudfront.net/fit-in/300x400/prod-images/Headshot/Large/RCT_PAE-3595-0001.jpg, PROVENANCE, Hand Knotted- Wool, 170x240 cm
https://d16n7e76tyykgs.cloudfront.net/fit-in/300x400/prod-images/Headshot/Large/RCT_PAE-3650-0001.jpg, PROVENANCE, Hand Knotted- Wool, 165x225 cm
https://d16n7e76tyykgs.cloudfront.net/fit-in/300x400/prod-images/Headshot/Large/RCT_PAE-3864-0001.jpg, PROVENANCE, Hand Knotted- Wool, 150x225 cm
https://d16n7e76tyykgs.cloudfront.net/fit-in/300x400/prod-images/Headshot/Large/RCT_PAE-3427-0001.jpg, PROVENANCE, Hand Knotted- Wool, 165x225 cm
https://d16n7e76tyykgs.cloudfront.net/fit-in/300x400/prod-images/Headshot/Large/RCT_PAE-3419-0001.jpg, PROVENANCE, Hand Knotted- Wool, 195x240 cm
https://d16n7e76tyykgs.cloudfront.net/fit-in/300x400/prod-images/Headshot/Large/RCT_PAE-3379-0001.jpg, PROVENANCE, Hand Knotted- Wool, 240x300 cm
https://d16n7e76tyykgs.cloudfront.net/fit-in/300x400/prod-images/Headshot/Large/RCT_PAE-3584-0001.jpg, PROVENANCE, Hand Knotted- Wool, 135x195 cm
https://d16n7e76tyykgs.cloudfront.net/fit-in/300x400/prod-images/Headshot/Large/RCT_PAE-3905-0001.jpg, PROVENANCE, Hand Knotted- Wool, 170x240 cm
https://d16n7e76tyykgs.cloudfront.net/fit-in/300x400/prod-images/Headshot/Large/RCT_PAE-3458-0001.jpg, PROVENANCE, Hand Knotted- Wool, 165x225 cm
https://d16n7e76tyykgs.cloudfront.net/fit-in/300x400/prod-images/Headshot/Large/RCT_PAE-3777-0001.jpg, PROVENANCE, Hand Knotted- Wool, 180x225 cm
https://d16n7e76tyykgs.cloudfront.net/fit-in/300x400/prod-images/Headshot/Large/RCT_PAE-3694-0001.jpg, PROVENANCE, Hand Knotted- Wool, 165x225 cm
https://d16n7e76tyykgs.cloudfront.net/fit-in/300x400/prod-images/Headshot/Large/RCT_PAE-3552-0001.jpg, PROVENANCE, Hand Knotted- Wool, 150x225 cm
https://d16n7e76tyykgs.cloudfront.net/fit-in/300x400/prod-images/Headshot/Large/RCT_PAE-3580-0001.jpg, PROVENANCE, Hand Knotted- Wool, 170x240 cm
https://d16n7e76tyykgs.cloudfront.net/fit-in/300x400/prod-images/Headshot/Large/RCT_PAE-3880-0001.jpg, PROVENANCE, Hand Knotted- Wool, 150x240 cm
https://d16n7e76tyykgs.cloudfront.net/fit-in/300x400/prod-images/Headshot/Large/RCT_PAE-3495-0001.jpg, PROVENANCE, Hand Knotted- Wool, 165x255 cm
https://d16n7e76tyykgs.cloudfront.net/fit-in/300x400/prod-images/Headshot/Large/RCT_PAE-3845-0001.jpg, PROVENANCE, Hand Knotted- Wool, 170x240 cm
https://d16n7e76tyykgs.cloudfront.net/fit-in/300x400/prod-images/Headshot/Large/RCT_PAE-3837-0001.jpg, PROVENANCE, Hand Knotted- Wool, 170x240 cm
https://d16n7e76tyykgs.cloudfront.net/fit-in/300x400/prod-images/Headshot/Large/RCT_PAE-3472-0001.jpg, PROVENANCE, Hand Knotted- Wool, 170x240 cm
https://d16n7e76tyykgs.cloudfront.net/fit-in/300x400/prod-images/Headshot/Large/RCT_PAE-3581-0001.jpg, PROVENANCE, Hand Knotted- Wool, 170x240 cm
https://d16n7e76tyykgs.cloudfront.net/fit-in/300x400/prod-images/Headshot/Large/RCT_PAE-3634-0001.jpg, PROVENANCE, Hand Knotted- Wool, 150x240 cm
https://d16n7e76tyykgs.cloudfront.net/fit-in/300x400/prod-images/Headshot/Large/RCT_PAE-3520-0001.jpg, PROVENANCE, Hand Knotted- Wool, 170x240 cm
https://d16n7e76tyykgs.cloudfront.net/fit-in/300x400/prod-images/Headshot/Large/RCT_PAE-3590-0001.jpg, PROVENANCE, Hand Knotted- Wool, 170x240 cm
https://d16n7e76tyykgs.cloudfront.net/fit-in/300x400/prod-images/Headshot/Large/RCT_PAE-3583-0001.jpg, PROVENANCE, Hand Knotted- Wool, 165x225 cm
https://d16n7e76tyykgs.cloudfront.net/fit-in/300x400/prod-images/Headshot/Large/RCT_PAE-3775-0001.jpg, PROVENANCE, Hand Knotted- Wool, 135x195 cm
https://d16n7e76tyykgs.cloudfront.net/fit-in/300x400/prod-images/Headshot/Large/RCT_PAE-3476-0001.jpg, PROVENANCE, Hand Knotted- Wool, 150x240 cm
https://d16n7e76tyykgs.cloudfront.net/fit-in/300x400/prod-images/Headshot/Large/RCT_PAE-3882-0001.jpg, PROVENANCE, Hand Knotted- Wool, 150x240 cm
https://d16n7e76tyykgs.cloudfront.net/fit-in/300x400/prod-images/Headshot/Large/RCT_PAE-3648-0001.jpg, PROVENANCE, Hand Knotted- Wool, 170x240 cm
https://d16n7e76tyykgs.cloudfront.net/fit-in/300x400/prod-images/Headshot/Large/IR_PSK-13007-0001.jpg, PROVENANCE, Hand Knotted- Wool And Bamboo Silk, 150x240 cm
https://d16n7e76tyykgs.cloudfront.net/fit-in/300x400/prod-images/Headshot/Large/RCT_PAE-3398-0001.jpg, PROVENANCE, Hand Knotted- Wool, 150x240 cm
https://d16n7e76tyykgs.cloudfront.net/fit-in/300x400/prod-images/Headshot/Large/RCT_PAE-3895-0001.jpg, PROVENANCE, Hand Knotted- Wool, 170x240 cm
https://d16n7e76tyykgs.cloudfront.net/fit-in/300x400/prod-images/Headshot/Large/RCT_PAE-3640-0001.jpg, PROVENANCE, Hand Knotted- Wool, 170x240 cm
https://d16n7e76tyykgs.cloudfront.net/fit-in/300x400/prod-images/Headshot/Large/RCT_PAE-3390-0001.jpg, PROVENANCE, Hand Knotted- Wool, 180x255 cm
https://d16n7e76tyykgs.cloudfront.net/fit-in/300x400/prod-images/Headshot/Large/RCT_PAE-3798-0001.jpg, PROVENANCE, Hand Knotted- Wool, 165x195 cm
https://d16n7e76tyykgs.cloudfront.net/fit-in/300x400/prod-images/Headshot/Large/RCT_PAE-3492-0001.jpg, PROVENANCE, Hand Knotted- Wool, 165x255 cm
https://d16n7e76tyykgs.cloudfront.net/fit-in/300x400/prod-images/Headshot/Large/RCT_PAE-3459-0001.jpg, PROVENANCE, Hand Knotted- Wool, 165x225 cm
https://d16n7e76tyykgs.cloudfront.net/fit-in/300x400/prod-images/Headshot/Large/RCT_PAE-3661-0001.jpg, PROVENANCE, Hand Knotted- Wool, 150x225 cm
https://d16n7e76tyykgs.cloudfront.net/fit-in/300x400/prod-images/Headshot/Large/RCT_PAE-3513-0001.jpg, PROVENANCE, Hand Knotted- Wool, 180x240 cm
https://d16n7e76tyykgs.cloudfront.net/fit-in/300x400/prod-images/Headshot/Large/RCT_PAE-3907-0001.jpg, PROVENANCE, Hand Knotted- Wool, 150x240 cm
https://d16n7e76tyykgs.cloudfront.net/fit-in/300x400/prod-images/Headshot/Large/RN_PAE-3867-0001.jpg, PROVENANCE, Hand Knotted- Wool, 120x300 cm
https://d16n7e76tyykgs.cloudfront.net/fit-in/300x400/prod-images/Headshot/Large/RCT_PAE-3514-0001.jpg, PROVENANCE, Hand Knotted- Wool, 180x240 cm
https://d16n7e76tyykgs.cloudfront.net/fit-in/300x400/prod-images/Headshot/Large/RCT_PAE-3611-0001.jpg, PROVENANCE, Hand Knotted- Wool, 170x240 cm
https://d16n7e76tyykgs.cloudfront.net/fit-in/300x400/prod-images/Headshot/Large/RCT_PAE-3667-0001.jpg, PROVENANCE, Hand Knotted- Wool, 170x240 cm
https://d16n7e76tyykgs.cloudfront.net/fit-in/300x400/prod-images/Headshot/Large/RCT_PAE-3673-0001.jpg, PROVENANCE, Hand Knotted- Wool, 170x240 cm
https://d16n7e76tyykgs.cloudfront.net/fit-in/300x400/prod-images/Headshot/Large/RCT_PAE-3375-0001.jpg, PROVENANCE, Hand Knotted- Wool, 195x300 cm
https://d16n7e76tyykgs.cloudfront.net/fit-in/300x400/prod-images/Headshot/Large/RCT_PAE-3693-0001.jpg, PROVENANCE, Hand Knotted- Wool, 165x225 cm
https://d16n7e76tyykgs.cloudfront.net/fit-in/300x400/prod-images/Headshot/Large/RCT_PAE-3452-0001.jpg, PROVENANCE, Hand Knotted- Wool, 165x225 cm
https://d16n7e76tyykgs.cloudfront.net/fit-in/300x400/prod-images/Headshot/Large/RCT_PAE-3881-0001.jpg, PROVENANCE, Hand Knotted- Wool, 170x240 cm
https://d16n7e76tyykgs.cloudfront.net/fit-in/300x400/prod-images/Headshot/Large/RCT_PAE-3468-0001.jpg, PROVENANCE, Hand Knotted- Wool, 170x240 cm
https://d16n7e76tyykgs.cloudfront.net/fit-in/300x400/prod-images/Headshot/Large/RCT_PAE-3791-0001.jpg, PROVENANCE, Hand Knotted- Wool, 165x195 cm
https://d16n7e76tyykgs.cloudfront.net/fit-in/300x400/prod-images/Headshot/Large/RCT_PAE-3533-0001.jpg, PROVENANCE, Hand Knotted- Wool, 165x225 cm
https://d16n7e76tyykgs.cloudfront.net/fit-in/300x400/prod-images/Headshot/Large/RCT_PAE-3783-0001.jpg, PROVENANCE, Hand Knotted- Wool, 165x195 cm
https://d16n7e76tyykgs.cloudfront.net/fit-in/300x400/prod-images/Headshot/Large/RCT_PAE-3428-0001.jpg, PROVENANCE, Hand Knotted- Wool, 170x240 cm
https://d16n7e76tyykgs.cloudfront.net/fit-in/300x400/prod-images/Headshot/Large/RCT_PAE-3628-0001.jpg, PROVENANCE, Hand Knotted- Wool, 170x240 cm
https://d16n7e76tyykgs.cloudfront.net/fit-in/300x400/prod-images/Headshot/Large/RCT_PAE-3827-0001.jpg, PROVENANCE, Hand Knotted- Wool, 195x255 cm
https://d16n7e76tyykgs.cloudfront.net/fit-in/300x400/prod-images/Headshot/Large/RCT_PAE-3510-0001.jpg, PROVENANCE, Hand Knotted- Wool, 170x240 cm
https://d16n7e76tyykgs.cloudfront.net/fit-in/300x400/prod-images/Headshot/Large/RCT_PAE-3406-0001.jpg, PROVENANCE, Hand Knotted- Wool, 170x240 cm
https://d16n7e76tyykgs.cloudfront.net/fit-in/300x400/prod-images/Headshot/Large/RCT_PAE-3423-0001.jpg, PROVENANCE, Hand Knotted- Wool, 170x240 cm
https://d16n7e76tyykgs.cloudfront.net/fit-in/300x400/prod-images/Headshot/Large/RCT_PAE-3646-0001.jpg, PROVENANCE, Hand Knotted- Wool, 170x240 cm
https://d16n7e76tyykgs.cloudfront.net/fit-in/300x400/prod-images/Headshot/Large/RCT_CX-2363-0001.jpg, PROVENANCE, Hand Knotted- Wool And Viscose, 240x300 cm
https://d16n7e76tyykgs.cloudfront.net/fit-in/300x400/prod-images/Headshot/Large/RCT_PAE-3672-0001.jpg, PROVENANCE, Hand Knotted- Wool, 170x240 cm
https://d16n7e76tyykgs.cloudfront.net/fit-in/300x400/prod-images/Headshot/Large/RCT_PAE-3504-0001.jpg, PROVENANCE, Hand Knotted- Wool, 150x225 cm
https://d16n7e76tyykgs.cloudfront.net/fit-in/300x400/prod-images/Headshot/Large/RCT_PAE-3814-0001.jpg, PROVENANCE, Hand Knotted- Wool, 170x240 cm
https://d16n7e76tyykgs.cloudfront.net/fit-in/300x400/prod-images/Headshot/Large/RCT_PAE-3484-0001.jpg, PROVENANCE, Hand Knotted- Wool, 165x225 cm
https://d16n7e76tyykgs.cloudfront.net/fit-in/300x400/prod-images/Headshot/Large/RCT_PAE-3821-0001.jpg, PROVENANCE, Hand Knotted- Wool, 165x225 cm
https://d16n7e76tyykgs.cloudfront.net/fit-in/300x400/prod-images/Headshot/Large/RCT_PAE-3437-0001.jpg, PROVENANCE, Hand Knotted- Wool, 170x240 cm
https://d16n7e76tyykgs.cloudfront.net/fit-in/300x400/prod-images/Headshot/Large/RCT_PAE-3731-0001.jpg, PROVENANCE, Hand Knotted- Wool, 170x240 cm
https://d16n7e76tyykgs.cloudfront.net/fit-in/300x400/prod-images/Headshot/Large/RCT_PAE-3820-0001.jpg, PROVENANCE, Hand Knotted- Wool, 170x240 cm
https://d16n7e76tyykgs.cloudfront.net/fit-in/300x400/prod-images/Headshot/Large/RCT_PAE-3866-0001.jpg, PROVENANCE, Hand Knotted- Wool, 170x240 cm
https://d16n7e76tyykgs.cloudfront.net/fit-in/300x400/prod-images/Headshot/Large/RCT_PAE-3762-0001.jpg, PROVENANCE, Hand Knotted- Wool, 210x300 cm
https://d16n7e76tyykgs.cloudfront.net/fit-in/300x400/prod-images/Headshot/Large/RCT_PAE-3665-0001.jpg, PROVENANCE, Hand Knotted- Wool, 180x240 cm
https://d16n7e76tyykgs.cloudfront.net/fit-in/300x400/prod-images/Headshot/Large/RCT_PAE-3877-0001.jpg, PROVENANCE, Hand Knotted- Wool, 165x195 cm
https://d16n7e76tyykgs.cloudfront.net/fit-in/300x400/prod-images/Headshot/Large/RCT_PAE-3593-0001.jpg, PROVENANCE, Hand Knotted- Wool, 170x240 cm
https://d16n7e76tyykgs.cloudfront.net/fit-in/300x400/prod-images/Headshot/Large/RCT_PAE-3897-0001.jpg, PROVENANCE, Hand Knotted- Wool, 170x240 cm
https://d16n7e76tyykgs.cloudfront.net/fit-in/300x400/prod-images/Headshot/Large/RCT_PAE-3371-0001.jpg, PROVENANCE, Hand Knotted- Wool, 300x390 cm
https://d16n7e76tyykgs.cloudfront.net/fit-in/300x400/prod-images/Headshot/Large/IR_PSK-13010-0001.jpg, PROVENANCE, Hand Knotted- Wool And Bamboo Silk, 180x240 cm
https://d16n7e76tyykgs.cloudfront.net/fit-in/300x400/prod-images/Headshot/Large/RCT_PAE-3589-0001.jpg, PROVENANCE, Hand Knotted- Wool, 165x225 cm
https://d16n7e76tyykgs.cloudfront.net/fit-in/300x400/prod-images/Headshot/Large/RCT_PAE-3769-0001.jpg, PROVENANCE, Hand Knotted- Wool, 170x240 cm
https://d16n7e76tyykgs.cloudfront.net/fit-in/300x400/prod-images/Headshot/Large/RCT_PAE-3796-0001.jpg, PROVENANCE, Hand Knotted- Wool, 165x195 cm
https://d16n7e76tyykgs.cloudfront.net/fit-in/300x400/prod-images/Headshot/Large/RCT_PAE-3524-0001.jpg, PROVENANCE, Hand Knotted- Wool, 165x225 cm
https://d16n7e76tyykgs.cloudfront.net/fit-in/300x400/prod-images/Headshot/Large/RCT_PAE-3643-0001.jpg, PROVENANCE, Hand Knotted- Wool, 170x240 cm
https://d16n7e76tyykgs.cloudfront.net/fit-in/300x400/prod-images/Headshot/Large/RCT_PAE-3637-0001.jpg, PROVENANCE, Hand Knotted- Wool, 150x210 cm
https://d16n7e76tyykgs.cloudfront.net/fit-in/300x400/prod-images/Headshot/Large/RCT_PAE-3606-0001.jpg, PROVENANCE, Hand Knotted- Wool, 170x240 cm
https://d16n7e76tyykgs.cloudfront.net/fit-in/300x400/prod-images/Headshot/Large/RCT_PAE-3557-0001.jpg, PROVENANCE, Hand Knotted- Wool, 150x225 cm
https://d16n7e76tyykgs.cloudfront.net/fit-in/300x400/prod-images/Headshot/Large/RCT_PAE-3531-0001.jpg, PROVENANCE, Hand Knotted- Wool, 165x225 cm
https://d16n7e76tyykgs.cloudfront.net/fit-in/300x400/prod-images/Headshot/Large/RCT_PAE-3421-0001.jpg, PROVENANCE, Hand Knotted- Wool, 195x240 cm
https://d16n7e76tyykgs.cloudfront.net/fit-in/300x400/prod-images/Headshot/Large/RN_PAE-3372-0001.jpg, PROVENANCE, Hand Knotted- Wool, 150x390 cm
https://d16n7e76tyykgs.cloudfront.net/fit-in/300x400/prod-images/Headshot/Large/RCT_PAE-3532-0001.jpg, PROVENANCE, Hand Knotted- Wool, 170x240 cm
https://d16n7e76tyykgs.cloudfront.net/fit-in/300x400/prod-images/Headshot/Large/RCT_PAE-3703-0001.jpg, PROVENANCE, Hand Knotted- Wool, 150x225 cm
https://d16n7e76tyykgs.cloudfront.net/fit-in/300x400/prod-images/Headshot/Large/RCT_PAE-3464-0001.jpg, PROVENANCE, Hand Knotted- Wool, 150x240 cm
https://d16n7e76tyykgs.cloudfront.net/fit-in/300x400/prod-images/Headshot/Large/RCT_PAE-3571-0001.jpg, PROVENANCE, Hand Knotted- Wool, 170x240 cm
https://d16n7e76tyykgs.cloudfront.net/fit-in/300x400/prod-images/Headshot/Large/RCT_PAE-3888-0001.jpg, PROVENANCE, Hand Knotted- Wool, 170x240 cm
https://d16n7e76tyykgs.cloudfront.net/fit-in/300x400/prod-images/Headshot/Large/RCT_PAE-3655-0001.jpg, PROVENANCE, Hand Knotted- Wool, 180x240 cm
https://d16n7e76tyykgs.cloudfront.net/fit-in/300x400/prod-images/Headshot/Large/RCT_PAE-3623-0001.jpg, PROVENANCE, Hand Knotted- Wool, 170x240 cm
https://d16n7e76tyykgs.cloudfront.net/fit-in/300x400/prod-images/Headshot/Large/RCT_PAE-3724-0001.jpg, PROVENANCE, Hand Knotted- Wool, 170x240 cm
https://d16n7e76tyykgs.cloudfront.net/fit-in/300x400/prod-images/Headshot/Large/RCT_PAE-3450-0001.jpg, PROVENANCE, Hand Knotted- Wool, 180x240 cm
https://d16n7e76tyykgs.cloudfront.net/fit-in/300x400/prod-images/Headshot/Large/RCT_PAE-3715-0001.jpg, PROVENANCE, Hand Knotted- Wool, 195x285 cm
https://d16n7e76tyykgs.cloudfront.net/fit-in/300x400/prod-images/Headshot/Large/RCT_PAE-3670-0001.jpg, PROVENANCE, Hand Knotted- Wool, 170x240 cm
https://d16n7e76tyykgs.cloudfront.net/fit-in/300x400/prod-images/Headshot/Large/RCT_PAE-3426-0001.jpg, PROVENANCE, Hand Knotted- Wool, 170x240 cm
https://d16n7e76tyykgs.cloudfront.net/fit-in/300x400/prod-images/Headshot/Large/RCT_PAE-3876-0001.jpg, PROVENANCE, Hand Knotted- Wool, 170x240 cm
https://d16n7e76tyykgs.cloudfront.net/fit-in/300x400/prod-images/Headshot/Large/RCT_PAE-3460-0001.jpg, PROVENANCE, Hand Knotted- Wool, 170x240 cm
https://d16n7e76tyykgs.cloudfront.net/fit-in/300x400/prod-images/Headshot/Large/RCT_PAE-3859-0001.jpg, PROVENANCE, Hand Knotted- Wool, 170x240 cm
https://d16n7e76tyykgs.cloudfront.net/fit-in/300x400/prod-images/Headshot/Large/RCT_PAE-3638-0001.jpg, PROVENANCE, Hand Knotted- Wool, 170x240 cm
https://d16n7e76tyykgs.cloudfront.net/fit-in/300x400/prod-images/Headshot/Large/RCT_PAE-3816-0001.jpg, PROVENANCE, Hand Knotted- Wool, 150x210 cm
https://d16n7e76tyykgs.cloudfront.net/fit-in/300x400/prod-images/Headshot/Large/RCT_PAE-3565-0001.jpg, PROVENANCE, Hand Knotted- Wool, 180x240 cm
https://d16n7e76tyykgs.cloudfront.net/fit-in/300x400/prod-images/Headshot/Large/RCT_PAE-3374-0001.jpg, PROVENANCE, Hand Knotted- Wool, 195x300 cm
https://d16n7e76tyykgs.cloudfront.net/fit-in/300x400/prod-images/Headshot/Large/RCT_PAE-3610-0001.jpg, PROVENANCE, Hand Knotted- Wool, 170x240 cm
https://d16n7e76tyykgs.cloudfront.net/fit-in/300x400/prod-images/Headshot/Large/RCT_PAE-3556-0001.jpg, PROVENANCE, Hand Knotted- Wool, 170x240 cm
https://d16n7e76tyykgs.cloudfront.net/fit-in/300x400/prod-images/Headshot/Large/RCT_PAE-3906-0001.jpg, PROVENANCE, Hand Knotted- Wool, 150x210 cm
https://d16n7e76tyykgs.cloudfront.net/fit-in/300x400/prod-images/Headshot/Large/RCT_PAE-3789-0001.jpg, PROVENANCE, Hand Knotted- Wool, 165x195 cm
https://d16n7e76tyykgs.cloudfront.net/fit-in/300x400/prod-images/Headshot/Large/RCT_PAE-3848-0001.jpg, PROVENANCE, Hand Knotted- Wool, 170x240 cm
https://d16n7e76tyykgs.cloudfront.net/fit-in/300x400/prod-images/Headshot/Large/IR_PSK-13014-0001.jpg, PROVENANCE, Hand Knotted- Wool And Bamboo Silk, 120x210 cm
https://d16n7e76tyykgs.cloudfront.net/fit-in/300x400/prod-images/Headshot/Large/RCT_PAE-3456-0001.jpg, PROVENANCE, Hand Knotted- Wool, 170x240 cm
https://d16n7e76tyykgs.cloudfront.net/fit-in/300x400/prod-images/Headshot/Large/RCT_PAE-3838-0001.jpg, PROVENANCE, Hand Knotted- Wool, 170x240 cm
https://d16n7e76tyykgs.cloudfront.net/fit-in/300x400/prod-images/Headshot/Large/RCT_PAE-3797-0001.jpg, PROVENANCE, Hand Knotted- Wool, 165x195 cm
https://d16n7e76tyykgs.cloudfront.net/fit-in/300x400/prod-images/Headshot/Large/RCT_PAE-3563-0001.jpg, PROVENANCE, Hand Knotted- Wool, 180x240 cm
https://d16n7e76tyykgs.cloudfront.net/fit-in/300x400/prod-images/Headshot/Large/RCT_PAE-3477-0001.jpg, PROVENANCE, Hand Knotted- Wool, 170x240 cm
https://d16n7e76tyykgs.cloudfront.net/fit-in/300x400/prod-images/Headshot/Large/RCT_PAE-3604-0001.jpg, PROVENANCE, Hand Knotted- Wool, 170x240 cm
https://d16n7e76tyykgs.cloudfront.net/fit-in/300x400/prod-images/Headshot/Large/RCT_PAE-3658-0001.jpg, PROVENANCE, Hand Knotted- Wool, 195x240 cm
https://d16n7e76tyykgs.cloudfront.net/fit-in/300x400/prod-images/Headshot/Large/RCT_PAE-3482-0001.jpg, PROVENANCE, Hand Knotted- Wool, 150x240 cm
https://d16n7e76tyykgs.cloudfront.net/fit-in/300x400/prod-images/Headshot/Large/RCT_PAE-3384-0001.jpg, PROVENANCE, Hand Knotted- Wool, 195x390 cm
https://d16n7e76tyykgs.cloudfront.net/fit-in/300x400/prod-images/Headshot/Large/RCT_PAE-3515-0001.jpg, PROVENANCE, Hand Knotted- Wool, 170x240 cm
https://d16n7e76tyykgs.cloudfront.net/fit-in/300x400/prod-images/Headshot/Large/RCT_PAE-3697-0001.jpg, PROVENANCE, Hand Knotted- Wool, 165x225 cm
https://d16n7e76tyykgs.cloudfront.net/fit-in/300x400/prod-images/Headshot/Large/RCT_PAE-3601-0001.jpg, PROVENANCE, Hand Knotted- Wool, 170x240 cm
https://d16n7e76tyykgs.cloudfront.net/fit-in/300x400/prod-images/Headshot/Large/RCT_PAE-3687-0001.jpg, PROVENANCE, Hand Knotted- Wool, 170x240 cm
https://d16n7e76tyykgs.cloudfront.net/fit-in/300x400/prod-images/Headshot/Large/RCT_PAE-3689-0001.jpg, PROVENANCE, Hand Knotted- Wool, 170x240 cm
https://d16n7e76tyykgs.cloudfront.net/fit-in/300x400/prod-images/Headshot/Large/RCT_PAE-3806-0001.jpg, PROVENANCE, Hand Knotted- Wool, 170x240 cm
https://d16n7e76tyykgs.cloudfront.net/fit-in/300x400/prod-images/Headshot/Large/RCT_PAE-3619-0001.jpg, PROVENANCE, Hand Knotted- Wool, 170x240 cm
https://d16n7e76tyykgs.cloudfront.net/fit-in/300x400/prod-images/Headshot/Large/RCT_PAE-3382-0001.jpg, PROVENANCE, Hand Knotted- Wool, 195x390 cm
https://d16n7e76tyykgs.cloudfront.net/fit-in/300x400/prod-images/Headshot/Large/RCT_PAE-3632-0001.jpg, PROVENANCE, Hand Knotted- Wool, 180x240 cm
https://d16n7e76tyykgs.cloudfront.net/fit-in/300x400/prod-images/Headshot/Large/RCT_PAE-3620-0001.jpg, PROVENANCE, Hand Knotted- Wool, 170x240 cm
https://d16n7e76tyykgs.cloudfront.net/fit-in/300x400/prod-images/Headshot/Large/RCT_PAE-3647-0001.jpg, PROVENANCE, Hand Knotted- Wool, 135x195 cm
https://d16n7e76tyykgs.cloudfront.net/fit-in/300x400/prod-images/Headshot/Large/RCT_PAE-3663-0001.jpg, PROVENANCE, Hand Knotted- Wool, 170x240 cm
https://d16n7e76tyykgs.cloudfront.net/fit-in/300x400/prod-images/Headshot/Large/RCT_PAE-3596-0001.jpg, PROVENANCE, Hand Knotted- Wool, 170x240 cm
https://d16n7e76tyykgs.cloudfront.net/fit-in/300x400/prod-images/Headshot/Large/RCT_PAE-3720-0001.jpg, PROVENANCE, Hand Knotted- Wool, 165x225 cm
https://d16n7e76tyykgs.cloudfront.net/fit-in/300x400/prod-images/Headshot/Large/RCT_PAE-3523-0001.jpg, PROVENANCE, Hand Knotted- Wool, 150x210 cm
https://d16n7e76tyykgs.cloudfront.net/fit-in/300x400/prod-images/Headshot/Large/IR_PHT-13001-0001.jpg, APREZO, Patchwork- Wool And Viscose, 105x165 cm
https://d16n7e76tyykgs.cloudfront.net/fit-in/300x400/prod-images/Headshot/Large/RCT_PAE-3908-0001.jpg, PROVENANCE, Hand Knotted- Wool, 150x240 cm
https://d16n7e76tyykgs.cloudfront.net/fit-in/300x400/prod-images/Headshot/Large/RCT_PAE-3824-0001.jpg, PROVENANCE, Hand Knotted- Wool, 180x240 cm
https://d16n7e76tyykgs.cloudfront.net/fit-in/300x400/prod-images/Headshot/Large/IR_PWB-1005-0001.jpg, PROVENANCE, Hand Knotted- Wool And Bamboo Silk, 150x180 cm
https://d16n7e76tyykgs.cloudfront.net/fit-in/300x400/prod-images/Headshot/Large/RCT_PAE-3454-0001.jpg, PROVENANCE, Hand Knotted- Wool, 180x255 cm
https://d16n7e76tyykgs.cloudfront.net/fit-in/300x400/prod-images/Headshot/Large/RCT_PAE-3577-0001.jpg, PROVENANCE, Hand Knotted- Wool, 180x255 cm
https://d16n7e76tyykgs.cloudfront.net/fit-in/300x400/prod-images/Headshot/Large/RCT_PAE-3475-0001.jpg, PROVENANCE, Hand Knotted- Wool, 150x240 cm
https://d16n7e76tyykgs.cloudfront.net/fit-in/300x400/prod-images/Headshot/Large/RCT_PAE-3501-0001.jpg, PROVENANCE, Hand Knotted- Wool, 170x240 cm
https://d16n7e76tyykgs.cloudfront.net/fit-in/300x400/prod-images/Headshot/Large/RCT_PAE-3630-0001.jpg, PROVENANCE, Hand Knotted- Wool, 170x240 cm
https://d16n7e76tyykgs.cloudfront.net/fit-in/300x400/prod-images/Headshot/Large/RCT_PAE-3639-0001.jpg, PROVENANCE, Hand Knotted- Wool, 170x240 cm
https://d16n7e76tyykgs.cloudfront.net/fit-in/300x400/prod-images/Headshot/Large/RCT_PAE-3674-0001.jpg, PROVENANCE, Hand Knotted- Wool, 170x240 cm
https://d16n7e76tyykgs.cloudfront.net/fit-in/300x400/prod-images/Headshot/Large/RCT_PAE-3740-0001.jpg, PROVENANCE, Hand Knotted- Wool, 195x300 cm
https://d16n7e76tyykgs.cloudfront.net/fit-in/300x400/prod-images/Headshot/Large/RCT_PAE-3725-0001.jpg, PROVENANCE, Hand Knotted- Wool, 170x240 cm
https://d16n7e76tyykgs.cloudfront.net/fit-in/300x400/prod-images/Headshot/Large/RN_PAE-3369-0001.jpg, PROVENANCE, Hand Knotted- Wool, 105x390 cm
https://d16n7e76tyykgs.cloudfront.net/fit-in/300x400/prod-images/Headshot/Large/RCT_PAE-3699-0001.jpg, PROVENANCE, Hand Knotted- Wool, 150x240 cm
https://d16n7e76tyykgs.cloudfront.net/fit-in/300x400/prod-images/Headshot/Large/RCT_PAE-3461-0001.jpg, PROVENANCE, Hand Knotted- Wool, 170x240 cm
https://d16n7e76tyykgs.cloudfront.net/fit-in/300x400/prod-images/Headshot/Large/RCT_PAE-3383-0001.jpg, PROVENANCE, Hand Knotted- Wool, 195x300 cm
https://d16n7e76tyykgs.cloudfront.net/fit-in/300x400/prod-images/Headshot/Large/RCT_PAE-3446-0001.jpg, PROVENANCE, Hand Knotted- Wool, 165x225 cm
https://d16n7e76tyykgs.cloudfront.net/fit-in/300x400/prod-images/Headshot/Large/RCT_PAE-3566-0001.jpg, PROVENANCE, Hand Knotted- Wool, 180x240 cm
https://d16n7e76tyykgs.cloudfront.net/fit-in/300x400/prod-images/Headshot/Large/RCT_PAE-3381-0001.jpg, PROVENANCE, Hand Knotted- Wool, 210x390 cm
https://d16n7e76tyykgs.cloudfront.net/fit-in/300x400/prod-images/Headshot/Large/RCT_PAE-3861-0001.jpg, PROVENANCE, Hand Knotted- Wool, 170x240 cm
https://d16n7e76tyykgs.cloudfront.net/fit-in/300x400/prod-images/Headshot/Large/RCT_PAE-3542-0001.jpg, PROVENANCE, Hand Knotted- Wool, 170x240 cm
https://d16n7e76tyykgs.cloudfront.net/fit-in/300x400/prod-images/Headshot/Large/RCT_PAE-3649-0001.jpg, PROVENANCE, Hand Knotted- Wool, 135x195 cm
https://d16n7e76tyykgs.cloudfront.net/fit-in/300x400/prod-images/Headshot/Large/RCT_PAE-3651-0001.jpg, PROVENANCE, Hand Knotted- Wool, 170x240 cm
https://d16n7e76tyykgs.cloudfront.net/fit-in/300x400/prod-images/Headshot/Large/RCT_PAE-3387-0001.jpg, PROVENANCE, Hand Knotted- Wool, 210x300 cm
https://d16n7e76tyykgs.cloudfront.net/fit-in/300x400/prod-images/Headshot/Large/RCT_PAE-3529-0001.jpg, PROVENANCE, Hand Knotted- Wool, 150x225 cm
https://d16n7e76tyykgs.cloudfront.net/fit-in/300x400/prod-images/Headshot/Large/RCT_PAE-3684-0001.jpg, PROVENANCE, Hand Knotted- Wool, 150x225 cm
https://d16n7e76tyykgs.cloudfront.net/fit-in/300x400/prod-images/Headshot/Large/RCT_PAE-3653-0001.jpg, PROVENANCE, Hand Knotted- Wool, 180x240 cm
https://d16n7e76tyykgs.cloudfront.net/fit-in/300x400/prod-images/Headshot/Large/RCT_PAE-3743-0001.jpg, PROVENANCE, Hand Knotted- Wool, 180x240 cm
https://d16n7e76tyykgs.cloudfront.net/fit-in/300x400/prod-images/Headshot/Large/RCT_PAE-3826-0001.jpg, PROVENANCE, Hand Knotted- Wool, 170x240 cm
https://d16n7e76tyykgs.cloudfront.net/fit-in/300x400/prod-images/Headshot/Large/RCT_PAE-3633-0001.jpg, PROVENANCE, Hand Knotted- Wool, 150x210 cm
https://d16n7e76tyykgs.cloudfront.net/fit-in/300x400/prod-images/Headshot/Large/RCT_PAE-3538-0001.jpg, PROVENANCE, Hand Knotted- Wool, 170x240 cm
https://d16n7e76tyykgs.cloudfront.net/fit-in/300x400/prod-images/Headshot/Large/RCT_PAE-3786-0001.jpg, PROVENANCE, Hand Knotted- Wool, 165x195 cm
https://d16n7e76tyykgs.cloudfront.net/fit-in/300x400/prod-images/Headshot/Large/RCT_PAE-3700-0001.jpg, PROVENANCE, Hand Knotted- Wool, 150x225 cm
https://d16n7e76tyykgs.cloudfront.net/fit-in/300x400/prod-images/Headshot/Large/RCT_PAE-3397-0001.jpg, PROVENANCE, Hand Knotted- Wool, 170x240 cm
https://d16n7e76tyykgs.cloudfront.net/fit-in/300x400/prod-images/Headshot/Large/RCT_PAE-3809-0001.jpg, PROVENANCE, Hand Knotted- Wool, 170x240 cm
https://d16n7e76tyykgs.cloudfront.net/fit-in/300x400/prod-images/Headshot/Large/RCT_PAE-3505-0001.jpg, PROVENANCE, Hand Knotted- Wool, 150x240 cm
https://d16n7e76tyykgs.cloudfront.net/fit-in/300x400/prod-images/Headshot/Large/RCT_PAE-3400-0001.jpg, PROVENANCE, Hand Knotted- Wool, 150x240 cm
https://d16n7e76tyykgs.cloudfront.net/fit-in/300x400/prod-images/Headshot/Large/RCT_PAE-3892-0001.jpg, PROVENANCE, Hand Knotted- Wool, 170x240 cm
https://d16n7e76tyykgs.cloudfront.net/fit-in/300x400/prod-images/Headshot/Large/RCT_PAE-3790-0001.jpg, PROVENANCE, Hand Knotted- Wool, 165x195 cm
https://d16n7e76tyykgs.cloudfront.net/fit-in/300x400/prod-images/Headshot/Large/RCT_PAE-3588-0001.jpg, PROVENANCE, Hand Knotted- Wool, 135x195 cm
https://d16n7e76tyykgs.cloudfront.net/fit-in/300x400/prod-images/Headshot/Large/RCT_PAE-3878-0001.jpg, PROVENANCE, Hand Knotted- Wool, 150x225 cm
https://d16n7e76tyykgs.cloudfront.net/fit-in/300x400/prod-images/Headshot/Large/RCT_PAE-3516-0001.jpg, PROVENANCE, Hand Knotted- Wool, 180x240 cm
https://d16n7e76tyykgs.cloudfront.net/fit-in/300x400/prod-images/Headshot/Large/RCT_PAE-3572-0001.jpg, PROVENANCE, Hand Knotted- Wool, 150x240 cm
https://d16n7e76tyykgs.cloudfront.net/fit-in/300x400/prod-images/Headshot/Large/RCT_PAE-3496-0001.jpg, PROVENANCE, Hand Knotted- Wool, 165x255 cm
https://d16n7e76tyykgs.cloudfront.net/fit-in/300x400/prod-images/Headshot/Large/RCT_PAE-3794-0001.jpg, PROVENANCE, Hand Knotted- Wool, 165x195 cm
https://d16n7e76tyykgs.cloudfront.net/fit-in/300x400/prod-images/Headshot/Large/RCT_PAE-3799-0001.jpg, PROVENANCE, Hand Knotted- Wool, 165x225 cm
https://d16n7e76tyykgs.cloudfront.net/fit-in/300x400/prod-images/Headshot/Large/RCT_PAE-3443-0001.jpg, PROVENANCE, Hand Knotted- Wool, 165x225 cm
https://d16n7e76tyykgs.cloudfront.net/fit-in/300x400/prod-images/Headshot/Large/RCT_PAE-3550-0001.jpg, PROVENANCE, Hand Knotted- Wool, 135x195 cm
https://d16n7e76tyykgs.cloudfront.net/fit-in/300x400/prod-images/Headshot/Large/RCT_PAE-3896-0001.jpg, PROVENANCE, Hand Knotted- Wool, 150x240 cm
https://d16n7e76tyykgs.cloudfront.net/fit-in/300x400/prod-images/Headshot/Large/RCT_PAE-3622-0001.jpg, PROVENANCE, Hand Knotted- Wool, 170x240 cm
https://d16n7e76tyykgs.cloudfront.net/fit-in/300x400/prod-images/Headshot/Large/RCT_PAE-3551-0001.jpg, PROVENANCE, Hand Knotted- Wool, 135x195 cm
https://d16n7e76tyykgs.cloudfront.net/fit-in/300x400/prod-images/Headshot/Large/RCT_PAE-3788-0001.jpg, PROVENANCE, Hand Knotted- Wool, 165x195 cm
https://d16n7e76tyykgs.cloudfront.net/fit-in/300x400/prod-images/Headshot/Large/RCT_PAE-3686-0001.jpg, PROVENANCE, Hand Knotted- Wool, 170x240 cm
https://d16n7e76tyykgs.cloudfront.net/fit-in/300x400/prod-images/Headshot/Large/RCT_PAE-3474-0001.jpg, PROVENANCE, Hand Knotted- Wool, 165x255 cm
https://d16n7e76tyykgs.cloudfront.net/fit-in/300x400/prod-images/Headshot/Large/IR_PSK-13004-0001.jpg, PROVENANCE, Hand Knotted- Wool And Bamboo Silk, 190x185 cm
https://d16n7e76tyykgs.cloudfront.net/fit-in/300x400/prod-images/Headshot/Large/RCT_PAE-3781-0001.jpg, PROVENANCE, Hand Knotted- Wool, 180x270 cm
https://d16n7e76tyykgs.cloudfront.net/fit-in/300x400/prod-images/Headshot/Large/RCT_PAE-3913-0001.jpg, PROVENANCE, Hand Knotted- Wool, 170x240 cm
https://d16n7e76tyykgs.cloudfront.net/fit-in/300x400/prod-images/Headshot/Large/RCT_PAE-3380-0001.jpg, PROVENANCE, Hand Knotted- Wool, 195x390 cm
https://d16n7e76tyykgs.cloudfront.net/fit-in/300x400/prod-images/Headshot/Large/IR_PWB-1012-0001.jpg, PROVENANCE, Hand Knotted- Wool And Bamboo Silk, 160x218 cm
https://d16n7e76tyykgs.cloudfront.net/fit-in/300x400/prod-images/Headshot/Large/RCT_PAE-3912-0001.jpg, PROVENANCE, Hand Knotted- Wool, 135x195 cm
https://d16n7e76tyykgs.cloudfront.net/fit-in/300x400/prod-images/Headshot/Large/RCT_PAE-3719-0001.jpg, PROVENANCE, Hand Knotted- Wool, 180x240 cm
https://d16n7e76tyykgs.cloudfront.net/fit-in/300x400/prod-images/Headshot/Large/RCT_PAE-3793-0001.jpg, PROVENANCE, Hand Knotted- Wool, 165x195 cm
https://d16n7e76tyykgs.cloudfront.net/fit-in/300x400/prod-images/Headshot/Large/RCT_PAE-3605-0001.jpg, PROVENANCE, Hand Knotted- Wool, 170x240 cm
https://d16n7e76tyykgs.cloudfront.net/fit-in/300x400/prod-images/Headshot/Large/RCT_PAE-3890-0001.jpg, PROVENANCE, Hand Knotted- Wool, 150x225 cm
https://d16n7e76tyykgs.cloudfront.net/fit-in/300x400/prod-images/Headshot/Large/RCT_PAE-3671-0001.jpg, PROVENANCE, Hand Knotted- Wool, 170x240 cm
https://d16n7e76tyykgs.cloudfront.net/fit-in/300x400/prod-images/Headshot/Large/RCT_PAE-3567-0001.jpg, PROVENANCE, Hand Knotted- Wool, 180x240 cm
https://d16n7e76tyykgs.cloudfront.net/fit-in/300x400/prod-images/Headshot/Large/RCT_PAE-3411-0001.jpg, PROVENANCE, Hand Knotted- Wool, 165x225 cm
https://d16n7e76tyykgs.cloudfront.net/fit-in/300x400/prod-images/Headshot/Large/RCT_PAE-3579-0001.jpg, PROVENANCE, Hand Knotted- Wool, 170x240 cm
https://d16n7e76tyykgs.cloudfront.net/fit-in/300x400/prod-images/Headshot/Large/RCT_PAE-3854-0001.jpg, PROVENANCE, Hand Knotted- Wool, 170x240 cm
https://d16n7e76tyykgs.cloudfront.net/fit-in/300x400/prod-images/Headshot/Large/RCT_PAE-3819-0001.jpg, PROVENANCE, Hand Knotted- Wool, 170x240 cm
https://d16n7e76tyykgs.cloudfront.net/fit-in/300x400/prod-images/Headshot/Large/RCT_PAE-3609-0001.jpg, PROVENANCE, Hand Knotted- Wool, 165x225 cm
https://d16n7e76tyykgs.cloudfront.net/fit-in/300x400/prod-images/Headshot/Large/RCT_PAE-3574-0001.jpg, PROVENANCE, Hand Knotted- Wool, 170x240 cm
https://d16n7e76tyykgs.cloudfront.net/fit-in/300x400/prod-images/Headshot/Large/RCT_PAE-3713-0001.jpg, PROVENANCE, Hand Knotted- Wool, 170x240 cm
https://d16n7e76tyykgs.cloudfront.net/fit-in/300x400/prod-images/Headshot/Large/RCT_PAE-3624-0001.jpg, PROVENANCE, Hand Knotted- Wool, 170x240 cm
https://d16n7e76tyykgs.cloudfront.net/fit-in/300x400/prod-images/Headshot/Large/RCT_PAE-3893-0001.jpg, PROVENANCE, Hand Knotted- Wool, 135x195 cm
https://d16n7e76tyykgs.cloudfront.net/fit-in/300x400/prod-images/Headshot/Large/RCT_PAE-3900-0001.jpg, PROVENANCE, Hand Knotted- Wool, 170x240 cm
https://d16n7e76tyykgs.cloudfront.net/fit-in/300x400/prod-images/Headshot/Large/RCT_PAE-3825-0001.jpg, PROVENANCE, Hand Knotted- Wool, 195x300 cm
https://d16n7e76tyykgs.cloudfront.net/fit-in/300x400/prod-images/Headshot/Large/RCT_PAE-3621-0001.jpg, PROVENANCE, Hand Knotted- Wool, 170x240 cm
https://d16n7e76tyykgs.cloudfront.net/fit-in/300x400/prod-images/Headshot/Large/RCT_PAE-3440-0001.jpg, PROVENANCE, Hand Knotted- Wool, 170x240 cm
https://d16n7e76tyykgs.cloudfront.net/fit-in/300x400/prod-images/Headshot/Large/RCT_PAE-3543-0001.jpg, PROVENANCE, Hand Knotted- Wool, 170x240 cm
https://d16n7e76tyykgs.cloudfront.net/fit-in/300x400/prod-images/Headshot/Large/RCT_PAE-3527-0001.jpg, PROVENANCE, Hand Knotted- Wool, 170x240 cm
https://d16n7e76tyykgs.cloudfront.net/fit-in/300x400/prod-images/Headshot/Large/RCT_PAE-3811-0001.jpg, PROVENANCE, Hand Knotted- Wool, 170x240 cm
https://d16n7e76tyykgs.cloudfront.net/fit-in/300x400/prod-images/Headshot/Large/RCT_PAE-3641-0001.jpg, PROVENANCE, Hand Knotted- Wool, 170x240 cm
https://d16n7e76tyykgs.cloudfront.net/fit-in/300x400/prod-images/Headshot/Large/RCT_PAE-3911-0001.jpg, PROVENANCE, Hand Knotted- Wool, 165x225 cm
https://d16n7e76tyykgs.cloudfront.net/fit-in/300x400/prod-images/Headshot/Large/RCT_PAE-3635-0001.jpg, PROVENANCE, Hand Knotted- Wool, 170x240 cm
https://d16n7e76tyykgs.cloudfront.net/fit-in/300x400/prod-images/Headshot/Large/RCT_PAE-3499-0001.jpg, PROVENANCE, Hand Knotted- Wool, 170x240 cm
https://d16n7e76tyykgs.cloudfront.net/fit-in/300x400/prod-images/Headshot/Large/IR_PWB-1024-0001.jpg, PROVENANCE, Hand Knotted- Wool And Bamboo Silk, 188x220 cm
https://d16n7e76tyykgs.cloudfront.net/fit-in/300x400/prod-images/Headshot/Large/RCT_PAE-3415-0001.jpg, PROVENANCE, Hand Knotted- Wool, 150x210 cm
https://d16n7e76tyykgs.cloudfront.net/fit-in/300x400/prod-images/Headshot/Large/RCT_PAE-3668-0001.jpg, PROVENANCE, Hand Knotted- Wool, 150x225 cm
https://d16n7e76tyykgs.cloudfront.net/fit-in/300x400/prod-images/Headshot/Large/RCT_PAE-3438-0001.jpg, PROVENANCE, Hand Knotted- Wool, 170x240 cm
https://d16n7e76tyykgs.cloudfront.net/fit-in/300x400/prod-images/Headshot/Large/RCT_PAE-3502-0001.jpg, PROVENANCE, Hand Knotted- Wool, 170x240 cm
https://d16n7e76tyykgs.cloudfront.net/fit-in/300x400/prod-images/Headshot/Large/RCT_PAE-3800-0001.jpg, PROVENANCE, Hand Knotted- Wool, 180x270 cm
https://d16n7e76tyykgs.cloudfront.net/fit-in/300x400/prod-images/Headshot/Large/RCT_PAE-3546-0001.jpg, PROVENANCE, Hand Knotted- Wool, 195x300 cm
https://d16n7e76tyykgs.cloudfront.net/fit-in/300x400/prod-images/Headshot/Large/RCT_PAE-3626-0001.jpg, PROVENANCE, Hand Knotted- Wool, 165x225 cm
https://d16n7e76tyykgs.cloudfront.net/fit-in/300x400/prod-images/Headshot/Large/RCT_PAE-3594-0001.jpg, PROVENANCE, Hand Knotted- Wool, 135x195 cm
https://d16n7e76tyykgs.cloudfront.net/fit-in/300x400/prod-images/Headshot/Large/RCT_PAE-3568-0001.jpg, PROVENANCE, Hand Knotted- Wool, 180x240 cm
https://d16n7e76tyykgs.cloudfront.net/fit-in/300x400/prod-images/Headshot/Large/RCT_PAE-3376-0001.jpg, PROVENANCE, Hand Knotted- Wool, 195x300 cm